{"cameraMode":{"drawMode":0,"name":"Shaded","section":"Shading Mode"},"sceneLighting":true,"audioPlay":false,"sceneViewState":{"showFog":false,"showMaterialUpdate":false,"showSkybox":false,"showFlares":false,"showImageEffects":false,"showParticleSystems":false},"in2DMode":false,"pivot":{"x":0.8223052024841309,"y":3.0197222232818605,"z":0.8006911277770996},"rotation":{"x":0.014018057845532895,"y":0.29892322421073916,"z":0.004391814116388559,"w":-0.9541654586791992},"size":7.369654178619385,"orthographic":false}